"CONFIG_EPOLL","CONFIG_ZONE_DMA","CONFIG_DYNAMIC_FTRACE_WITH_REGS","CONFIG_HAVE_FUNCTION_TRACE_MCOUNT_TEST","CONFIG_FUNCTION_TRACER","CONFIG_CONSTRUCTORS","CONFIG_OPTPROBES","CONFIG_SECURITY","CONFIG_CONTEXT_SWITCH_TRACER","CONFIG_USER_STACKTRACE_SUPPORT","CONFIG_BRANCH_TRACER","CONFIG_DEBUG_FS","CONFIG_TRACER_SNAPSHOT","CONFIG_DEBUG_SLAB","CONFIG_FTRACE_SYSCALLS","CONFIG_USER_NS","CONFIG_TRACE_IRQFLAGS_SUPPORT","CONFIG_FSNOTIFY","CONFIG_MIGRATION","CONFIG_HAVE_SETUP_PER_CPU_AREA","CONFIG_IRQSOFF_TRACER","CONFIG_SLUB","CONFIG_GENERIC_HARDIRQS","CONFIG_LOCKUP_DETECTOR","CONFIG_RWSEM_GENERIC_SPINLOCK","CONFIG_MODULE_UNLOAD","CONFIG_BLOCK","CONFIG_DEBUG_OBJECTS","CONFIG_IMA","CONFIG_DYNAMIC_FTRACE","CONFIG_TREE_RCU","CONFIG_KPROBES_SANITY_TEST","CONFIG_STACKTRACE","CONFIG_TRACEPOINTS","CONFIG_GENERIC_BUG","CONFIG_SMP","CONFIG_SLAB","CONFIG_SYSCTL","CONFIG_BINARY_PRINTF","CONFIG_TRACE_IRQFLAGS","CONFIG_NOP_TRACER","CONFIG_TRACER_MAX_TRACE","CONFIG_KPROBES_ON_FTRACE","CONFIG_KMEMCHECK","CONFIG_FTRACE_STARTUP_TEST","CONFIG_PREEMPT_TRACER","CONFIG_AUDITSYSCALL","CONFIG_FS_XIP","CONFIG_FILE_LOCKING","CONFIG_FTRACE_MCOUNT_RECORD","CONFIG_UNUSED_SYMBOLS","CONFIG_NEED_PER_CPU_EMBED_FIRST_CHUNK","CONFIG_PREEMPT","CONFIG_HAVE_NMI_WATCHDOG","CONFIG_FUNCTION_GRAPH_TRACER","CONFIG_DEBUG_WRITECOUNT","CONFIG_RING_BUFFER_ALLOW_SWAP","CONFIG_RT_MUTEXES","CONFIG_MODULE_SIG","CONFIG_KRETPROBES","CONFIG_STACK_TRACER","CONFIG_NUMA","CONFIG_SLOB","CONFIG_SCHED_TRACER","CONFIG_EVENT_TRACING","CONFIG_QUOTA","CONFIG_TRACING","CONFIG_BROKEN_RODATA","CONFIG_PREEMPT_COUNT","CONFIG_DEBUG_LOCK_ALLOC","CONFIG_SYSFS","CONFIG_KPROBES","CONFIG_TINY_RCU","CONFIG_FS_POSIX_ACL","CONFIG_NEED_PER_CPU_PAGE_FIRST_CHUNK","CONFIG_DEBUG_SET_MODULE_RONX","CONFIG_FAILSLAB","CONFIG_KALLSYMS","CONFIG_HARDLOCKUP_DETECTOR","CONFIG_MODULES"
"false","true","true","true","true","false","false","true","true","false","false","true","false","true","true","true","false","false","true","false","false","true","false","false","true","true","true","false","false","true","true","false","false","true","false","false","true","true","false","true","true","false","false","false","false","false","true","true","false","false","false","true","false","false","true","false","false","false","false","false","true","false","true","true","true","false","false","true","true","false","true","false","true","true","true","true","true","true","true","true"
"false","true","true","false","true","false","true","false","true","true","false","true","false","false","true","false","true","true","false","false","true","true","false","true","false","true","true","true","false","false","true","true","false","true","false","false","true","false","true","false","false","false","true","true","false","false","true","false","true","false","false","true","true","true","false","true","true","false","true","true","true","true","false","true","false","false","false","false","false","false","true","false","false","true","false","false","false","true","true","false"
"false","true","false","true","true","true","true","true","true","true","true","true","false","false","false","true","true","true","false","true","false","false","true","false","true","false","false","true","false","false","false","false","false","false","true","false","true","false","false","false","false","true","true","true","false","true","false","false","false","true","false","false","false","true","true","false","true","false","true","false","true","false","true","true","true","false","false","false","false","false","false","false","true","false","true","true","false","false","false","true"
"true","true","false","true","false","true","false","true","false","true","false","true","false","true","false","true","false","true","false","true","false","true","false","true","false","true","false","true","false","true","false","true","false","true","false","true","false","true","false","true","false","true","false","true","false","true","false","true","false","true","false","true","false","true","false","true","false","true","false","true","false","true","false","true","false","true","false","true","false","true","false","true","false","true","false","true","false","true","false","true"
"true","false","true","false","false","true","false","true","false","true","false","true","false","false","false","false","false","true","false","false","false","false","true","true","true","false","false","true","true","false","true","true","false","true","true","false","true","false","false","false","true","true","true","false","true","false","true","true","false","true","true","true","false","true","true","false","false","false","true","true","false","true","false","false","true","false","true","true","false","false","true","false","false","true","false","true","true","true","true","true"
"true","true","false","true","false","false","false","true","true","true","true","false","true","false","false","true","true","false","true","true","false","true","true","true","false","true","false","true","false","false","true","false","false","true","true","false","true","false","false","false","false","true","false","false","true","false","true","true","false","false","false","false","false","false","true","true","false","true","true","false","true","false","false","false","false","true","false","true","false","true","false","false","true","false","true","true","true","true","true","false"
"false","true","true","true","true","true","false","true","true","true","false","false","false","true","true","true","false","false","true","false","true","false","true","false","false","false","true","false","false","false","true","true","false","false","false","true","false","true","true","true","true","false","false","false","true","false","false","false","false","true","false","false","false","true","true","true","true","true","true","false","true","true","true","true","false","true","false","true","false","false","false","true","false","false","true","true","true","true","false","true"
"true","false","false","true","true","false","true","true","true","false","true","false","false","true","true","true","true","false","true","false","false","true","false","true","true","false","true","true","true","false","false","true","false","true","false","true","false","true","false","false","true","false","false","true","false","true","true","false","true","true","true","true","true","true","false","false","true","false","false","false","false","false","true","true","true","false","false","true","false","true","false","true","false","true","true","true","false","true","false","true"
"true","false","true","false","false","true","true","true","false","false","true","true","true","false","false","false","true","true","false","true","true","false","true","false","true","true","true","false","false","false","true","true","false","true","true","true","false","true","true","false","false","false","false","true","false","false","false","true","false","true","false","false","true","false","false","true","false","false","false","true","false","true","true","false","true","true","false","false","true","false","false","false","true","true","true","false","true","true","false","true"
"true","false","true","true","true","true","true","false","false","true","true","true","false","false","true","false","true","true","false","true","false","true","true","false","true","true","false","true","true","true","false","false","false","true","true","false","true","false","true","true","false","false","false","true","true","false","false","false","false","false","true","false","true","false","true","false","true","true","false","false","true","false","false","false","false","false","false","false","true","false","true","true","false","false","true","false","true","false","false","true"
"false","false","true","true","false","false","true","true","true","true","false","true","false","true","false","true","true","false","false","true","true","true","false","false","true","false","true","false","false","true","true","false","false","false","false","true","true","false","false","true","true","false","true","true","false","false","false","false","true","false","false","true","false","true","false","false","true","true","false","true","false","true","true","false","false","true","false","false","true","false","false","false","false","true","true","true","true","true","true","true"
"true","true","true","false","false","false","false","false","false","false","false","false","false","false","false","false","false","false","false","false","false","false","false","false","false","false","false","false","false","false","false","false","false","false","false","false","false","false","false","false","false","false","false","false","false","false","false","false","false","false","false","false","false","false","false","false","false","false","false","false","false","false","false","false","false","false","false","false","false","false","false","false","false","false","false","false","false","false","false","false"
"true","false","false","true","true","false","true","true","true","false","false","true","false","true","false","true","false","false","true","false","false","true","false","false","false","false","false","true","false","true","true","false","false","false","false","false","false","false","true","true","false","true","true","false","true","true","false","true","true","true","true","false","false","false","false","false","false","true","false","false","true","false","true","false","true","false","false","false","true","false","true","true","true","true","true","false","false","false","true","false"
"false","false","false","true","false","true","false","false","true","false","false","true","true","true","false","true","false","true","false","false","true","false","true","true","true","false","true","true","true","true","true","false","false","false","false","true","false","false","true","false","false","false","true","false","true","false","false","true","true","false","true","false","true","true","false","false","true","false","false","true","false","false","false","false","true","true","false","true","false","false","true","true","true","false","false","true","false","true","true","false"
"true","false","true","false","true","false","true","false","true","false","true","true","false","true","false","true","false","true","false","false","false","false","true","false","false","true","false","true","true","true","true","true","false","false","false","true","true","false","false","true","false","true","false","false","true","false","true","false","false","true","false","false","true","true","true","true","false","false","true","false","false","true","false","true","true","true","true","false","true","false","true","true","true","false","true","true","true","true","false","true"
"true","false","false","false","true","true","false","true","true","true","true","true","false","true","true","true","true","false","true","true","true","false","false","false","false","false","false","false","false","false","false","false","false","false","false","false","true","true","true","false","true","true","true","true","false","false","true","true","false","false","false","false","true","true","true","true","true","true","false","true","false","false","false","false","false","true","true","true","false","true","true","false","false","false","false","true","false","true","true","true"
"false","false","true","true","true","true","false","true","false","true","false","true","true","false","true","false","true","false","true","false","true","true","true","false","false","false","false","false","true","false","true","false","false","false","true","true","false","true","false","true","false","true","false","true","false","false","true","false","true","true","false","false","true","true","true","false","false","false","false","true","true","false","true","true","false","false","false","true","true","true","false","true","true","true","false","false","false","false","true","false"
"false","false","false","false","false","false","false","true","false","false","false","false","true","true","true","false","true","false","false","true","false","true","true","true","true","true","false","true","true","false","true","false","false","true","false","false","false","false","true","true","true","true","true","true","true","false","true","true","false","true","true","false","false","false","false","false","true","true","false","true","true","true","false","true","true","false","false","false","false","false","false","true","false","false","false","false","false","false","true","true"
"true","true","false","false","false","false","true","false","false","false","true","true","true","false","false","true","false","false","false","true","false","true","true","false","true","false","true","true","false","true","true","false","false","false","false","true","true","true","false","false","true","false","false","true","true","false","false","false","true","true","false","true","false","false","false","false","false","true","true","true","true","false","true","true","false","false","false","true","true","true","true","true","false","true","false","true","true","false","true","false"
"false","true","true","true","true","false","false","false","false","false","false","true","false","false","false","false","true","true","true","true","false","false","false","true","false","false","true","true","false","true","false","true","false","false","false","false","true","false","true","true","false","false","true","false","false","false","false","true","false","true","true","false","false","true","true","false","true","false","true","false","false","true","true","true","false","true","true","false","true","true","false","true","false","true","false","false","true","true","false","false"
"true","false","true","true","false","false","true","true","false","false","true","true","false","false","true","true","false","false","true","true","false","false","true","true","false","false","true","true","false","false","true","true","false","false","true","true","false","false","true","true","false","false","true","true","false","false","true","true","false","false","true","true","false","false","true","true","false","false","true","true","false","false","true","true","false","false","true","true","false","false","true","true","false","false","true","true","false","false","true","true"
"false","false","false","false","true","true","true","true","false","false","false","true","false","false","false","false","true","true","true","true","false","false","false","true","true","true","true","false","true","true","true","false","false","false","false","true","false","false","false","true","true","true","true","false","false","true","false","false","true","false","true","true","true","false","true","true","true","true","false","false","true","false","false","true","false","false","true","false","false","true","false","false","true","false","false","true","true","true","true","true"
"true","true","true","true","true","true","true","false","true","false","false","true","true","true","true","false","false","false","true","false","false","false","true","true","false","false","false","true","true","true","false","false","false","true","false","false","false","false","false","false","true","true","false","true","true","true","true","true","true","true","true","true","false","true","false","true","false","false","true","false","false","true","false","false","false","false","false","false","true","true","false","true","true","false","false","true","true","false","false","false"
"false","false","true","true","false","false","true","false","true","true","true","false","true","false","true","true","false","true","true","false","false","false","false","true","false","true","true","false","false","true","true","true","false","false","true","true","true","true","false","true","true","true","true","false","false","false","false","true","true","false","true","true","false","true","true","false","true","true","false","false","true","true","false","false","false","false","false","false","false","false","false","true","true","true","false","true","false","false","false","false"
"false","true","true","true","false","true","true","false","true","false","false","true","false","true","true","false","true","false","false","true","false","true","true","false","false","true","true","false","true","false","false","true","true","false","false","true","false","true","true","false","false","true","true","false","true","false","false","true","true","false","false","true","false","true","true","false","false","true","true","false","true","false","false","true","true","false","false","true","false","true","true","false","false","true","true","false","true","false","false","true"
"true","false","false","true","false","false","false","true","true","true","true","true","false","true","false","false","false","true","false","false","true","true","false","true","false","true","false","true","false","false","true","false","false","true","true","true","false","false","true","true","true","true","false","true","false","true","false","true","false","false","false","true","false","false","true","true","false","false","true","true","true","true","true","false","true","false","true","true","false","true","false","false","true","false","true","false","false","true","true","true"
"false","true","false","false","false","true","true","false","false","false","false","false","false","false","true","true","false","false","false","false","false","false","false","true","true","true","false","false","true","true","false","true","false","true","true","true","true","false","true","false","false","true","false","true","true","true","true","false","false","false","false","false","true","true","true","false","false","true","false","true","true","true","true","true","false","true","false","true","true","true","true","false","false","false","false","true","false","false","true","false"
"false","true","true","true","true","true","false","false","true","true","true","true","true","true","true","false","false","false","false","false","false","false","false","false","false","true","false","false","true","true","false","true","false","false","false","true","true","false","false","true","true","false","false","true","true","false","true","false","false","false","false","true","true","false","false","true","true","false","false","true","false","false","false","true","false","false","true","false","false","false","true","false","true","false","true","true","false","true","true","false"
"true","false","false","true","true","true","false","false","false","false","true","false","true","true","false","true","false","false","true","true","false","true","false","true","true","true","true","true","true","false","false","true","false","false","true","false","false","true","true","true","false","true","false","true","true","false","false","false","true","false","false","false","true","false","true","false","true","false","false","false","false","true","false","false","true","true","true","false","true","true","true","false","false","false","false","false","true","true","true","false"
"true","true","true","false","false","false","false","false","false","true","true","true","true","true","false","true","true","false","false","true","true","false","false","true","false","false","true","true","true","false","false","true","false","true","false","true","true","false","false","false","true","true","true","false","true","true","true","true","true","false","true","false","true","false","false","true","false","false","false","false","true","true","false","true","false","false","false","false","false","true","false","true","true","true","true","false","false","false","true","true"
"true","true","false","true","false","false","false","true","true","true","false","false","true","true","true","false","false","true","true","true","true","true","true","true","false","true","true","true","true","false","false","false","false","true","true","true","false","false","true","true","true","false","false","false","false","true","false","true","false","false","false","false","false","false","true","true","true","false","false","false","false","true","false","false","true","false","false","true","true","false","false","true","true","true","false","true","false","true","false","true"
"false","true","false","false","true","true","true","false","false","true","true","true","true","true","true","false","false","true","false","false","true","false","true","true","false","true","true","false","false","false","false","false","false","false","true","false","false","true","false","true","false","false","true","false","true","true","false","false","false","true","true","true","false","false","false","true","false","true","false","false","false","true","true","true","true","false","false","true","true","true","true","false","false","true","true","false","true","false","true","true"
"true","true","false","false","false","false","true","true","false","true","true","true","false","false","true","false","true","false","false","true","true","false","false","false","false","true","false","true","true","false","true","false","false","true","false","true","true","true","true","true","true","false","false","false","false","true","true","false","true","true","true","true","false","true","true","false","false","true","true","false","false","false","false","true","true","true","true","false","true","false","false","false","false","false","true","false","false","true","false","false"
"true","false","false","true","true","true","true","false","false","true","true","false","false","false","true","false","false","false","false","true","true","true","false","true","false","false","true","false","true","true","true","true","false","true","false","true","true","false","false","false","false","false","true","false","true","true","false","true","true","true","false","true","false","false","true","false","true","false","true","true","false","false","true","false","true","true","false","false","true","true","false","false","true","true","false","true","false","true","true","true"
"false","false","false","false","true","false","false","false","true","true","false","true","false","false","false","true","false","false","true","false","false","true","false","true","false","true","false","false","true","false","false","true","true","false","true","false","true","false","true","true","true","false","true","true","true","false","false","false","true","true","true","false","false","true","true","true","false","true","false","true","false","false","true","true","false","true","false","true","false","true","false","true","true","false","true","false","true","false","false","true"
"false","false","false","true","true","false","false","true","true","true","false","true","true","false","true","true","false","true","true","false","false","false","true","true","true","true","false","true","true","false","true","true","false","false","true","false","false","false","false","false","true","false","true","true","true","true","true","false","false","false","false","false","true","false","false","false","false","true","true","false","false","true","true","true","false","true","true","false","false","false","true","true","false","true","true","false","false","true","false","true"
"true","false","true","false","false","true","false","true","true","true","false","true","true","true","true","true","true","false","true","false","false","true","true","false","true","true","true","false","true","false","false","true","false","false","false","true","true","false","false","true","true","false","true","true","false","true","false","false","true","true","false","false","false","true","false","false","true","false","true","true","true","true","true","false","false","false","true","false","true","true","true","false","false","false","true","true","false","true","true","true"
"true","false","false","true","true","true","true","false","false","false","true","true","false","true","false","false","true","false","true","false","true","true","true","false","true","false","true","true","false","false","true","true","false","true","true","false","false","true","false","true","true","false","false","true","true","false","true","true","true","false","true","true","true","false","false","true","true","true","false","true","false","false","true","false","false","true","true","false","false","true","false","false","true","false","false","true","true","false","false","false"
"true","false","false","true","true","false","false","true","true","true","true","false","false","true","true","false","true","true","false","true","true","false","true","true","true","false","false","false","false","false","true","true","true","false","false","false","false","false","false","false","true","true","false","false","false","false","false","false","false","false","true","true","true","true","true","true","false","false","false","true","true","false","true","true","true","false","false","true","true","false","true","true","false","false","false","true","true","true","false","false"
"false","false","true","false","false","true","false","true","true","false","true","true","true","false","true","false","false","true","false","false","false","true","false","true","false","false","true","true","true","true","false","false","true","false","true","true","true","false","true","false","true","true","false","false","false","false","true","true","false","true","false","true","true","false","true","false","true","true","false","false","false","false","true","true","false","true","false","false","false","false","false","true","false","true","true","false","true","true","true","false"
"false","true","true","true","false","true","true","true","false","true","true","false","false","false","true","false","false","false","true","false","true","false","false","false","true","true","true","true","true","false","false","true","true","false","false","true","false","false","false","true","true","true","false","false","true","false","true","true","true","true","false","false","false","true","false","true","true","false","false","true","true","true","true","false","false","false","false","false","true","false","true","false","false","false","true","false","false","true","false","false"
"true","false","true","true","false","false","true","true","false","false","false","false","false","false","true","true","true","true","true","false","true","true","false","false","true","false","false","true","false","false","true","true","true","false","false","false","true","false","false","false","false","true","false","false","false","false","false","true","true","true","true","false","false","true","true","true","true","true","false","false","true","true","false","true","true","false","false","true","false","true","true","true","true","false","false","false","true","true","true","false"
"true","true","true","false","true","true","false","false","false","true","true","true","false","false","false","false","false","false","false","false","false","false","true","false","true","true","false","false","false","false","false","false","true","true","false","false","false","true","false","true","true","true","false","false","false","true","true","false","false","false","true","true","false","false","true","true","true","true","false","false","false","false","false","true","true","true","false","false","true","false","true","true","false","true","false","true","true","false","false","false"
"true","false","false","true","true","false","false","true","true","false","false","false","false","true","true","false","false","true","true","true","true","false","false","false","false","true","true","true","true","false","false","false","false","true","true","true","true","false","false","false","false","true","true","true","true","false","false","false","false","true","true","true","true","false","false","false","false","true","true","true","true","false","false","false","false","true","true","true","true","false","false","false","false","true","true","true","true","false","false","false"
"false","true","false","false","false","true","true","true","true","false","true","false","true","true","true","false","true","false","false","true","true","false","true","false","true","false","true","false","true","false","true","false","false","true","false","true","true","false","true","false","false","true","false","false","true","true","true","true","false","false","true","false","true","false","false","true","true","false","true","false","false","false","false","false","false","true","false","true","true","true","false","false","false","false","false","true","false","false","false","true"
"false","true","true","false","false","false","false","true","false","false","false","true","false","true","true","false","false","true","true","true","true","false","false","true","false","false","true","false","false","true","true","true","false","true","true","false","false","true","false","false","true","false","true","false","true","true","true","false","true","false","true","true","false","true","true","true","true","true","true","true","true","true","false","true","true","false","true","false","false","false","false","false","true","false","false","false","true","true","true","false"
"true","false","false","true","true","false","false","true","false","true","false","true","false","true","false","true","false","false","true","true","true","true","true","true","true","false","false","false","true","false","true","false","true","true","true","true","true","true","true","false","true","true","false","false","false","false","false","true","false","false","true","true","false","false","false","false","false","false","true","false","false","true","true","false","false","false","false","false","true","false","true","false","false","false","false","false","true","false","false","true"
"true","true","true","false","false","true","true","true","true","true","false","false","true","true","false","false","false","false","true","false","true","true","false","true","true","false","false","false","false","false","true","false","false","true","true","true","false","false","true","true","true","true","true","true","true","false","false","true","true","false","false","true","true","true","false","true","true","true","false","false","false","false","true","true","true","false","true","false","true","true","true","false","false","true","true","true","true","true","false","false"
"true","false","false","false","false","true","false","false","false","true","false","false","true","false","false","true","true","false","true","true","true","false","true","true","true","false","true","false","true","true","true","true","false","false","true","true","false","true","false","false","true","false","false","true","true","false","true","true","true","true","false","false","true","true","true","false","false","false","true","false","false","false","false","false","true","false","false","true","false","false","true","false","false","true","false","false","true","false","false","true"
"false","true","false","false","false","true","false","false","true","true","false","false","false","false","true","true","false","true","true","true","false","false","true","false","true","false","true","true","true","true","true","true","false","true","false","false","true","true","true","false","false","true","false","false","false","false","true","false","true","false","true","true","false","true","false","true","true","true","false","true","false","false","true","false","true","false","true","false","true","true","false","true","false","false","true","false","true","false","false","true"
"false","true","false","false","false","false","true","true","true","true","false","true","true","true","false","false","false","false","true","true","true","true","false","false","true","false","true","false","false","true","false","true","false","false","true","false","false","false","true","true","false","true","false","false","true","true","true","false","false","true","true","true","false","true","true","false","true","false","true","true","true","false","false","false","false","true","false","false","false","true","true","true","true","false","true","true","true","false","false","false"
"false","true","false","true","false","true","false","false","false","true","false","true","false","false","false","false","true","true","true","false","false","true","false","false","false","false","true","true","false","false","true","true","true","false","true","true","true","false","false","true","true","true","true","true","true","true","true","false","false","false","false","false","true","false","false","true","true","true","true","false","false","true","false","false","true","true","false","true","true","false","true","true","false","true","true","true","true","false","true","true"
"false","false","false","true","false","false","false","false","false","true","true","false","true","false","false","false","true","true","true","true","false","true","true","true","false","true","false","false","false","true","false","true","false","false","false","true","true","false","true","false","true","true","false","false","true","false","true","true","true","true","true","true","true","false","false","false","false","true","true","true","false","true","false","false","false","false","true","true","true","false","true","false","true","false","true","true","false","true","false","true"
"true","true","false","false","true","true","false","true","true","false","true","false","true","false","true","false","true","true","false","false","false","true","true","false","true","true","true","true","false","true","false","true","false","false","false","false","false","true","false","true","false","true","true","false","true","true","true","true","true","false","true","false","false","false","true","true","false","false","true","true","false","false","true","false","false","true","false","false","true","false","true","false","true","true","true","false","false","false","true","true"
"false","true","true","false","true","false","false","false","false","false","true","false","true","true","false","true","true","true","false","false","true","false","false","false","false","false","true","true","true","true","true","false","false","false","true","true","false","true","true","true","true","true","true","true","true","true","true","true","true","false","true","true","false","true","true","false","false","true","true","true","true","true","true","false","true","false","false","true","false","false","false","false","false","true","false","false","true","true","false","false"
"true","true","true","false","false","false","false","false","true","false","true","false","true","false","true","false","true","true","true","true","false","true","false","false","false","false","true","true","true","false","true","true","true","true","true","true","true","true","true","true","false","false","true","true","true","false","false","false","true","false","true","false","false","false","false","false","false","false","false","true","true","false","false","true","false","true","false","false","true","true","true","true","true","true","false","true","false","true","false","true"
"false","true","true","false","false","false","true","false","true","true","true","false","false","true","true","false","true","true","false","true","false","true","false","true","true","false","false","true","false","true","true","false","false","false","true","true","false","true","false","false","true","false","false","false","true","false","false","true","true","false","true","false","true","true","true","false","false","false","true","true","true","true","false","true","false","true","true","true","true","false","false","false","false","false","true","true","true","false","true","true"
"false","true","true","true","true","true","false","false","true","false","true","true","true","false","false","false","false","true","true","true","true","true","true","true","false","false","false","true","false","false","false","true","false","false","false","false","true","true","true","true","true","false","true","false","false","false","false","false","false","true","false","true","false","false","true","false","false","true","false","true","true","true","false","true","true","true","true","true","true","true","false","true","false","false","true","true","false","false","true","false"
"false","false","true","false","false","false","false","false","false","true","true","false","false","true","false","true","true","true","false","false","false","false","false","false","true","false","false","true","false","false","false","false","true","true","true","true","false","false","false","false","true","false","true","true","false","false","true","true","true","true","false","true","false","true","true","true","true","true","true","false","true","false","false","true","true","true","false","true","true","true","true","false","true","true","true","true","true","false","false","true"
"true","true","true","false","true","true","false","false","false","false","false","true","false","true","true","true","true","true","true","false","true","true","true","true","true","false","false","true","false","false","false","true","false","true","true","true","false","false","true","false","false","false","false","false","false","true","true","false","true","true","false","true","true","true","true","false","true","true","true","false","false","false","true","false","false","false","true","false","false","false","true","false","true","true","false","true","false","false","true","false"
"false","true","false","false","false","false","true","false","true","true","true","true","true","false","true","true","true","true","true","false","true","false","false","true","true","true","false","true","true","false","true","false","false","true","false","true","false","true","true","true","false","true","false","false","false","true","false","false","false","true","true","false","false","true","false","false","true","false","true","true","true","false","false","false","false","false","true","false","true","false","true","true","false","true","true","false","false","false","true","true"
"true","false","false","false","false","true","false","false","true","false","true","false","true","false","true","false","true","false","false","false","true","false","true","true","false","true","true","false","false","false","false","false","false","false","true","false","false","true","false","true","false","true","false","true","false","true","false","false","false","true","true","false","false","true","false","true","true","true","true","false","false","true","false","false","true","true","true","true","false","false","false","true","false","false","true","true","true","true","true","true"
"true","false","false","false","false","false","false","false","true","false","false","true","false","false","true","true","true","false","false","true","true","false","false","true","true","true","true","true","false","true","true","false","true","false","true","false","true","true","false","true","false","true","false","true","true","true","true","true","false","true","false","false","true","false","false","false","false","true","true","true","true","false","true","false","true","false","false","false","false","true","true","false","true","true","false","true","false","true","false","true"
"true","false","true","false","false","false","false","false","false","true","true","true","false","true","true","false","true","true","true","false","false","false","true","false","false","true","true","false","false","true","true","false","true","true","true","false","false","false","true","false","true","true","true","true","false","true","false","false","false","true","false","false","false","false","false","false","true","false","true","false","false","true","true","true","false","true","false","true","true","true","true","true","false","false","false","true","true","false","true","false"
"false","false","true","true","false","false","false","false","false","false","true","true","true","true","false","false","false","true","true","true","false","false","false","false","true","false","true","false","true","false","false","true","true","true","false","false","true","true","true","true","true","false","false","true","false","true","false","true","true","false","false","true","true","true","false","true","false","true","true","true","false","false","false","true","true","true","false","false","false","false","false","false","true","true","true","true","true","false","true","false"
"true","true","true","true","true","false","true","true","true","true","false","false","true","false","false","true","false","true","false","false","false","true","true","true","false","false","true","false","true","false","true","true","false","false","true","false","false","true","true","false","true","true","true","false","false","true","true","true","false","true","false","false","true","false","false","false","true","true","true","true","true","false","false","true","true","true","true","false","true","true","false","false","false","false","false","false","true","false","false","true"
"false","false","false","true","false","false","false","true","true","true","false","true","false","false","true","false","true","true","false","false","true","false","false","false","true","true","false","false","true","true","false","true","false","true","true","false","false","false","true","true","true","false","true","true","false","true","true","true","true","false","false","true","false","false","true","true","false","false","false","true","true","true","false","false","true","true","true","false","false","false","false","true","false","true","false","false","true","false","true","true"
"false","false","true","true","true","false","true","false","false","true","false","false","false","true","false","true","true","false","true","true","true","false","true","false","true","true","false","false","false","false","true","true","false","true","false","false","false","true","false","true","false","false","true","true","true","true","false","false","true","false","true","false","false","true","false","true","false","false","true","true","true","true","false","false","true","false","true","true","true","true","true","false","true","false","false","true","false","false","false","true"
"true","true","true","true","false","false","true","true","true","true","true","false","false","true","false","false","false","false","false","false","false","true","true","false","true","true","true","false","false","false","false","false","true","true","false","true","false","true","true","false","false","true","true","true","true","false","true","false","true","true","true","false","true","true","false","false","true","false","false","false","true","false","false","true","false","false","true","false","true","false","true","true","false","false","false","false","true","true","true","true"
"true","false","false","false","false","true","true","false","false","true","true","true","true","false","false","true","true","false","false","false","false","true","true","true","true","false","false","false","false","true","true","true","true","false","false","false","false","true","true","true","true","false","false","false","false","true","true","true","true","false","false","false","false","true","true","true","true","false","false","false","false","true","true","true","true","false","false","false","false","true","true","true","true","false","false","false","false","true","true","true"
"true","true","true","true","false","true","false","true","true","false","true","false","true","false","false","true","true","false","true","true","true","true","true","false","false","true","false","false","true","true","true","false","false","false","false","true","true","false","true","false","false","false","false","true","true","true","false","false","false","true","true","true","false","false","true","true","true","false","false","false","false","false","false","true","true","false","false","true","true","false","true","true","true","true","false","false","true","false","false","true"
"true","true","false","true","false","false","true","false","false","false","false","true","true","false","false","true","true","true","true","false","true","true","false","false","false","true","true","true","true","true","false","true","true","true","true","false","false","true","false","false","true","false","true","false","false","false","false","false","false","false","true","true","true","true","true","false","false","false","false","true","false","true","true","false","false","false","false","true","true","true","false","true","true","false","true","true","false","true","true","false"
"true","false","false","false","true","false","true","true","false","true","false","true","true","false","true","true","false","true","false","false","false","true","true","false","true","false","true","false","false","false","false","false","true","true","false","true","true","false","false","true","false","true","true","true","true","false","true","false","true","false","false","true","false","false","false","false","false","false","false","false","true","true","false","false","true","true","true","true","false","true","false","true","false","true","true","true","false","true","false","false"
"false","true","true","false","false","false","true","false","false","true","false","false","false","false","true","false","true","true","true","false","true","false","true","false","true","false","true","false","false","true","false","true","false","false","false","false","true","true","true","false","true","true","false","true","true","true","true","false","false","false","false","true","true","false","true","false","true","true","false","false","false","false","false","true","true","true","true","true","false","true","false","false","false","true","true","false","false","true","true","true"
"false","true","false","false","false","true","false","true","false","true","false","true","true","true","true","true","true","true","false","true","true","true","false","false","false","true","true","true","true","false","false","true","true","true","true","true","true","false","true","false","false","true","false","false","false","false","true","false","false","false","true","false","false","false","false","true","false","false","false","true","true","true","true","true","true","false","false","false","true","false","true","false","false","true","true","true","false","false","false","false"
"false","true","false","false","true","false","true","true","false","false","false","false","false","false","false","false","true","true","false","true","true","true","true","false","false","false","false","true","true","true","false","true","true","false","false","false","true","true","true","true","false","false","false","true","true","false","false","true","false","false","true","true","true","false","false","true","true","false","true","false","true","true","true","false","false","false","false","false","false","true","false","false","false","true","false","true","true","true","true","true"
"false","true","false","true","true","true","false","false","false","false","true","false","false","false","true","true","true","true","false","false","false","false","true","true","false","true","false","true","true","false","true","false","true","true","false","true","true","true","false","false","true","false","true","true","false","false","false","true","true","false","false","false","true","false","false","true","false","true","false","false","false","true","true","true","true","false","true","true","true","false","false","false","false","true","false","false","false","true","true","true"
"false","false","false","false","true","true","true","true","false","false","false","true","false","false","true","true","false","false","true","true","false","false","false","true","false","false","true","false","false","false","false","true","true","false","true","false","false","true","false","false","false","false","false","false","true","false","false","true","true","false","true","true","true","true","false","true","true","false","true","true","true","true","false","false","true","true","true","true","true","false","true","true","true","true","true","false","false","false","false","true"
"false","true","false","true","true","false","false","true","true","false","true","true","true","true","false","false","true","false","false","false","false","false","false","true","true","false","false","false","false","true","true","true","true","true","true","true","false","true","false","false","false","true","true","true","false","false","false","false","true","true","false","true","false","false","true","true","true","true","true","false","true","true","false","false","false","false","true","false","true","false","true","true","false","false","true","false","false","true","false","false"
"true","false","true","true","true","false","true","true","false","true","false","false","false","false","false","true","true","false","true","false","true","false","false","false","false","false","true","false","true","true","false","true","true","true","true","true","false","false","true","false","false","true","false","false","true","false","true","false","true","true","false","false","false","true","false","true","true","true","true","true","true","false","false","true","true","false","false","false","false","false","false","false","true","true","true","false","false","false","true","true"
"true","true","true","false","false","false","true","false","false","false","true","false","false","true","false","false","false","true","true","true","false","true","false","true","false","true","true","false","true","false","true","false","true","true","true","false","true","true","false","true","false","true","true","true","false","true","true","true","true","true","false","true","false","false","true","true","false","true","false","true","false","false","true","false","true","true","true","true","false","false","true","true","true","false","false","false","false","true","true","true"
"false","false","false","false","true","false","true","true","true","false","false","true","true","false","false","true","false","false","false","true","false","false","true","false","false","true","true","false","true","false","true","false","true","false","false","true","true","true","true","true","true","false","false","false","true","true","true","false","false","true","false","true","true","true","false","true","true","false","true","true","true","true","true","true","false","false","true","true","true","false","false","true","true","false","false","true","true","true","true","false"
"false","true","false","true","true","false","true","true","true","true","false","false","true","true","true","true","false","true","false","false","false","false","true","false","true","true","false","false","false","true","false","false","true","true","false","true","false","false","true","false","true","false","false","false","false","false","false","true","false","true","true","false","true","false","false","true","true","true","true","false","false","false","true","true","true","true","false","false","false","true","false","true","true","false","false","false","false","false","true","false"
"false","true","false","true","true","true","false","false","false","true","false","false","false","true","false","false","false","false","false","true","true","true","false","true","true","false","true","false","true","true","false","false","false","true","false","false","true","false","true","true","true","true","false","true","false","true","true","true","true","true","true","false","true","false","true","true","false","false","true","false","true","false","true","true","true","false","true","true","true","false","true","true","false","true","true","true","false","false","false","false"
"true","true","true","false","true","true","true","true","false","false","false","false","true","true","true","true","false","false","false","true","false","false","false","false","true","true","false","true","false","true","false","true","true","false","true","false","true","false","true","false","true","false","true","true","false","true","false","true","true","false","true","true","false","false","false","false","true","true","true","false","false","true","false","false","true","true","false","true","false","false","true","false","true","false","true","true","true","true","true","true"
"false","false","true","false","true","true","true","false","false","true","true","true","false","true","true","true","true","false","true","true","true","false","false","true","true","true","false","true","false","false","true","false","true","false","false","true","true","false","true","false","false","false","true","false","true","true","true","false","false","true","false","true","false","false","false","false","false","false","false","false","true","false","false","false","true","true","true","false","false","true","false","true","false","false","false","false","true","true","false","false"
"true","true","false","true","false","false","false","false","false","false","false","true","false","false","true","true","false","false","false","true","false","true","true","false","true","false","false","false","false","true","true","false","true","true","true","false","false","true","false","true","true","true","true","false","true","true","false","false","true","true","true","false","true","true","true","false","true","false","false","false","false","false","false","true","false","true","true","true","true","false","false","false","true","true","true","false","true","true","false","false"
"false","false","true","false","false","true","true","false","false","false","false","false","true","false","false","true","false","false","true","true","true","true","true","true","false","true","true","true","false","true","false","false","true","true","false","true","false","true","false","false","true","true","true","true","false","false","true","false","false","false","true","false","false","true","true","true","false","true","true","false","true","false","true","false","true","true","false","false","true","false","false","true","true","false","true","false","true","true","true","false"
"true","true","false","false","false","true","false","false","true","false","true","false","false","true","false","false","false","true","true","false","true","false","true","true","false","true","false","false","true","true","true","true","true","true","true","true","false","true","false","true","false","false","true","true","false","false","true","true","false","true","true","true","true","true","false","false","true","false","true","true","true","false","false","true","true","false","false","false","false","true","false","false","false","false","true","true","false","false","false","false"
"true","true","true","true","true","false","false","false","true","true","true","true","false","false","false","false","false","true","false","true","true","true","true","true","true","true","true","false","false","false","false","false","true","false","true","true","false","false","false","false","true","false","false","true","true","true","true","true","false","false","true","false","false","true","false","true","true","true","false","false","true","false","true","false","false","false","true","true","false","true","true","false","false","true","false","false","true","true","false","false"
"false","true","true","false","true","false","false","true","false","true","true","false","true","false","false","true","false","true","true","false","true","false","false","true","true","false","false","true","false","true","true","false","false","true","true","false","true","false","false","true","true","false","false","true","false","true","true","false","false","true","true","false","true","false","false","true","true","false","false","true","false","true","true","false","false","true","true","false","true","false","false","true","true","false","false","true","false","true","true","false"
"false","false","true","true","false","false","false","true","true","false","true","false","false","false","false","false","false","true","false","true","true","true","true","true","false","false","true","true","false","true","true","true","false","true","false","true","true","true","false","false","true","false","true","false","true","true","true","true","true","true","true","false","true","true","true","false","true","true","false","false","false","true","false","false","true","false","true","false","true","true","false","false","true","false","false","false","true","false","true","false"
"false","false","false","true","false","false","false","false","true","true","true","false","true","true","true","true","false","false","false","false","true","true","true","false","false","false","false","true","false","false","false","true","true","true","true","false","true","true","true","false","false","false","false","true","true","false","true","true","false","true","false","false","false","true","false","false","false","false","true","true","false","true","true","false","true","true","false","true","true","false","true","true","false","true","true","false","false","false","false","false"
"false","true","true","false","false","false","false","true","true","true","true","false","false","false","false","true","true","true","false","false","false","false","false","false","true","true","false","true","false","true","false","true","true","true","false","true","true","true","true","true","false","false","true","true","true","true","true","false","false","true","true","true","true","false","true","false","true","true","true","true","false","true","true","false","false","false","false","false","false","true","false","true","true","false","false","true","true","false","false","false"
"true","true","true","true","true","false","true","true","false","false","false","true","true","false","false","true","true","false","false","true","false","true","false","true","true","true","false","true","false","false","true","true","true","false","false","false","true","true","false","false","true","true","true","true","true","false","false","false","false","true","true","true","true","true","false","true","false","false","true","true","true","false","true","false","true","true","true","true","false","false","false","false","false","false","false","true","false","false","true","false"
"false","true","true","true","true","true","true","true","false","false","true","false","false","false","true","true","true","true","true","true","false","true","true","true","true","true","false","false","false","true","false","false","true","true","true","true","true","true","false","true","false","false","false","false","true","false","true","true","false","false","false","false","false","true","false","false","true","false","true","true","false","true","false","true","true","false","true","false","false","true","false","true","true","false","true","false","true","true","true","true"
"false","true","true","true","true","true","false","true","false","true","true","false","false","true","true","false","false","false","false","true","false","true","true","false","false","false","true","true","true","true","true","false","true","false","true","false","false","true","true","true","true","false","true","false","false","false","false","false","true","true","false","false","true","true","false","true","false","false","false","false","true","false","false","false","true","true","true","false","false","true","true","true","true","true","true","true","false","true","false","true"
"true","false","false","false","false","true","true","true","false","false","true","false","true","true","true","false","false","true","true","true","false","true","true","false","true","false","false","false","true","true","true","true","false","false","true","true","true","true","false","false","true","false","true","false","false","true","true","false","false","false","false","false","false","true","false","true","false","true","false","false","true","true","true","false","false","false","true","true","false","false","true","true","true","true","false","false","false","false","false","false"
"false","false","false","true","true","false","false","false","false","false","false","true","true","true","false","false","true","true","false","false","true","false","false","false","false","true","false","false","false","false","false","true","true","true","true","false","true","false","true","false","false","true","false","false","true","false","false","true","false","false","false","true","true","true","true","true","false","false","false","false","true","false","true","true","false","true","true","false","true","true","true","false","true","false","true","true","false","true","true","true"
"true","false","true","false","false","true","true","true","true","true","false","false","false","false","false","false","true","false","true","false","false","false","true","true","false","true","false","true","false","false","false","true","true","true","true","true","true","true","true","true","false","true","false","false","false","true","false","false","true","false","true","true","true","false","false","false","false","false","true","false","true","false","true","true","false","true","true","true","false","false","false","true","true","true","false","false","true","false","false","false"
"false","true","true","false","true","true","true","true","true","true","false","false","false","false","true","false","false","false","true","true","true","false","true","true","true","false","true","false","false","true","false","true","true","true","true","true","false","true","false","false","true","true","false","true","false","true","false","true","true","false","false","false","true","false","true","false","false","true","false","true","false","true","false","false","false","true","false","true","false","false","false","true","true","false","true","true","true","false","true","false"
"false","false","true","true","true","true","true","false","true","false","true","false","true","false","false","false","false","false","false","true","false","false","false","false","false","true","false","true","false","false","true","false","true","true","true","false","false","false","true","true","false","true","false","false","false","true","true","true","true","false","true","true","true","true","true","false","true","false","false","true","false","true","false","true","false","false","true","true","false","true","true","true","false","true","true","false","false","true","false","false"
"true","true","false","false","false","false","false","true","false","true","true","true","true","true","false","false","false","false","true","true","false","false","true","false","false","true","false","true","true","true","false","false","true","false","false","true","false","false","false","false","false","false","false","false","false","true","false","true","true","false","false","false","true","false","true","false","true","true","true","true","true","true","true","true","true","true","true","true","false","true","false","false","false","true","false","false","true","true","true","false"
"false","true","true","false","true","true","false","true","true","false","false","false","true","true","true","true","true","true","false","true","true","false","false","false","false","false","true","false","true","false","true","true","true","true","true","true","false","false","false","true","true","false","false","true","true","false","true","true","false","true","true","false","false","false","true","false","false","true","true","false","false","false","false","false","false","false","true","true","false","true","false","true","true","false","false","true","false","true","true","false"
"false","false","true","false","false","true","false","true","false","true","true","true","false","true","false","true","false","false","false","false","true","true","true","false","true","true","true","true","true","true","false","false","true","true","true","false","false","true","false","false","false","false","true","false","true","true","false","true","false","false","true","true","true","false","true","true","true","true","true","true","false","false","false","true","false","false","true","true","true","false","false","true","false","false","false","false","false","true","false","false"
"true","true","false","true","true","true","true","false","true","true","false","false","true","false","true","true","false","true","true","true","true","false","false","true","true","true","false","false","true","true","false","false","true","false","true","false","false","true","true","true","false","false","true","false","false","false","true","true","true","true","false","true","true","false","false","true","false","false","true","false","true","true","true","true","false","true","false","true","false","false","false","false","false","false","false","false","true","false","false","true"
"false","false","false","false","true","true","true","false","true","false","true","false","true","true","true","true","true","false","false","true","true","true","false","false","false","false","true","true","false","true","true","true","false","true","false","true","false","true","false","true","true","true","false","true","false","true","false","false","false","false","false","true","false","false","false","false","true","true","false","true","false","false","true","true","false","true","true","true","false","false","true","true","true","false","false","false","true","false","false","true"
"true","false","true","false","true","true","false","false","true","true","false","false","true","true","false","false","true","true","false","false","true","true","false","false","true","true","false","false","true","true","false","false","true","true","false","false","true","true","false","false","true","true","false","false","true","true","false","false","true","true","false","false","true","true","false","false","true","true","false","false","true","true","false","false","true","true","false","false","true","true","false","false","true","true","false","false","true","true","false","false"
"true","false","true","false","true","true","true","true","true","true","false","true","false","true","true","true","false","true","true","false","true","true","false","true","true","true","false","false","true","false","false","true","true","false","false","false","true","true","false","false","false","false","true","false","false","true","false","true","true","true","false","false","true","false","false","false","false","true","false","false","true","false","false","true","true","false","true","false","true","true","false","true","true","true","false","true","true","false","true","true"
"true","false","false","true","true","true","false","false","false","false","false","false","false","true","true","false","true","true","false","false","true","false","true","false","false","true","true","true","false","true","false","false","true","false","false","true","true","true","true","false","false","false","true","true","false","true","true","true","false","false","false","true","true","true","true","true","true","false","false","true","true","true","false","true","false","true","false","false","true","true","true","true","true","false","true","false","false","false","false","true"
"true","true","false","true","false","true","false","true","false","true","false","false","true","true","true","false","true","false","false","false","false","false","false","true","true","false","true","false","false","false","true","false","true","false","false","false","true","false","false","true","false","false","false","false","true","false","false","false","false","false","true","true","true","true","true","true","false","true","true","true","false","true","true","true","true","true","true","false","true","true","false","true","true","true","false","false","true","false","true","true"
"false","false","false","true","false","true","true","true","true","false","true","false","false","true","false","true","true","true","true","false","true","true","false","true","false","false","true","false","false","false","false","false","true","true","false","false","false","false","true","true","true","false","true","false","true","true","false","true","false","true","false","false","true","false","true","true","false","false","true","false","true","true","false","true","false","true","true","false","false","false","true","false","false","true","false","true","false","false","false","false"
"true","false","true","true","true","false","false","false","true","false","false","false","true","false","true","true","true","true","true","true","false","false","false","true","true","false","false","false","true","true","false","false","true","false","false","true","false","true","true","true","false","false","true","false","true","true","false","false","false","true","false","false","false","true","false","true","false","true","false","true","false","false","true","false","false","true","true","true","true","true","true","false","false","true","true","true","true","true","true","false"
"false","false","false","false","false","true","true","false","true","false","true","false","true","false","true","true","false","false","true","true","false","true","true","false","false","false","false","true","true","true","false","false","true","true","false","false","false","false","true","false","false","true","false","true","false","false","false","false","true","true","false","true","true","true","true","false","false","true","false","true","true","false","false","true","true","false","true","false","true","false","true","false","false","false","false","true","true","false","true","true"
"true","true","false","false","true","false","true","false","true","false","true","false","true","false","true","false","true","false","true","false","true","false","true","false","true","false","true","false","true","false","true","false","true","false","true","false","true","false","true","false","true","false","true","false","true","false","true","false","true","false","true","false","true","false","true","false","true","false","true","false","true","false","true","false","true","false","true","false","true","false","true","false","true","false","true","false","true","false","true","false"
"true","false","true","true","false","false","true","true","false","false","false","true","true","true","false","false","false","true","false","false","true","false","true","true","false","true","false","false","false","true","true","false","true","false","false","false","true","true","true","false","true","true","false","true","true","false","false","false","true","true","true","false","false","false","true","true","true","true","false","true","true","false","true","false","false","true","true","true","false","true","false","false","false","true","true","true","false","false","false","true"
"false","false","true","false","false","false","true","true","true","false","true","true","true","true","true","true","false","false","false","false","true","true","false","true","false","false","false","false","true","true","false","true","true","true","false","false","false","false","false","true","false","true","true","true","false","true","true","false","false","false","true","false","true","false","false","false","false","true","true","false","false","true","true","false","true","false","true","true","false","true","true","false","true","true","false","false","true","true","true","true"
"true","true","true","true","true","true","true","true","true","true","true","true","true","true","true","true","true","true","true","true","true","true","true","true","true","true","true","true","true","true","true","true","true","true","true","true","true","true","true","true","true","true","true","true","true","true","true","true","true","true","true","true","true","true","true","true","true","true","true","true","true","true","true","true","true","true","true","true","true","true","true","true","true","true","true","true","true","true","true","true"
"true","true","true","true","false","true","true","true","false","true","false","false","false","false","false","true","false","false","true","true","true","false","false","false","true","true","true","true","true","true","true","false","true","false","false","false","false","true","true","false","true","false","false","true","false","true","false","true","false","false","false","true","false","true","false","false","false","true","true","false","false","true","false","false","false","false","true","true","true","true","false","true","true","false","true","false","false","false","true","false"
"false","true","false","false","false","false","true","false","true","true","false","false","true","false","false","false","false","false","true","false","true","true","false","false","true","true","true","true","true","false","true","false","true","false","false","true","false","true","false","false","false","false","true","true","false","true","true","true","false","true","true","true","false","false","true","false","false","false","false","false","false","true","false","true","false","true","true","false","false","true","true","false","true","true","true","true","true","false","true","true"
"false","false","true","true","false","true","false","true","true","false","true","true","true","true","false","false","true","true","true","true","true","false","true","true","false","false","true","true","true","true","true","true","true","false","true","false","true","false","false","false","false","true","true","true","false","true","true","false","true","false","false","false","false","true","false","false","false","true","false","false","false","true","true","true","false","true","true","false","true","true","false","false","false","false","false","false","false","false","false","true"
